COD_N1,COD_N2,COD_N3,COD_N4
A,A01,A01A,A01AA
A,A01,A01A,A01AB
A,A01,A01A,A01AC
A,A01,A01A,A01AD
A,A02,A02A,A02AA
A,A02,A02A,A02AB
A,A02,A02A,A02AC
A,A02,A02A,A02AD
A,A02,A02A,A02AF
A,A02,A02A,A02AH
A,A02,A02A,A02AX
A,A02,A02B,A02BA
A,A02,A02B,A02BB
A,A02,A02B,A02BC
A,A02,A02B,A02BD
A,A02,A02B,A02BX
A,A03,A03A,A03AA
A,A03,A03A,A03AB
A,A03,A03A,A03AD
A,A03,A03A,A03AE
A,A03,A03A,A03AX
A,A03,A03B,A03BA
A,A03,A03B,A03BB
A,A03,A03C,A03CA
A,A03,A03C,A03CB
A,A03,A03C,A03CC
A,A03,A03D,A03DA
A,A03,A03D,A03DB
A,A03,A03D,A03DC
A,A03,A03E,A03ED
A,A03,A03F,A03FA
A,A04,A04A,A04AA
A,A04,A04A,A04AD
A,A05,A05A,A05AA
A,A05,A05A,A05AX
A,A05,A05B,A05BA
A,A05,A05C,A05C P2
A,A06,A06A,A06AA
A,A06,A06A,A06AB
A,A06,A06A,A06AC
A,A06,A06A,A06AD
A,A06,A06A,A06AG
A,A06,A06A,A06AH
A,A06,A06A,A06AX
A,A07,A07A,A07AA
A,A07,A07A,A07AB
A,A07,A07A,A07AX
A,A07,A07B,A07BA
A,A07,A07B,A07BB
A,A07,A07B,A07BC
A,A07,A07C,A07CA
A,A07,A07D,A07DA
A,A07,A07E,A07EA
A,A07,A07E,A07EB
A,A07,A07E,A07EC
A,A07,A07F,A07FA
A,A07,A07X,A07XA
A,A08,A08A,A08A P1
A,A08,A08A,A08AA
A,A08,A08A,A08AB
A,A08,A08A,A08AX
A,A09,A09A,A09AA
A,A10,A10A,A10AB
A,A10,A10A,A10AC
A,A10,A10A,A10AD
A,A10,A10A,A10AE
A,A10,A10A,A10AF
A,A10,A10B,A10BA
A,A10,A10B,A10BB
A,A10,A10B,A10BD
A,A10,A10B,A10BF
A,A10,A10B,A10BG
A,A10,A10B,A10BH
A,A10,A10B,A10BJ
A,A10,A10B,A10BK
A,A10,A10B,A10BX
A,A10,A10X,A10X M1
A,A10,A10X,A10XA
A,A11,A11A,A11AA
A,A11,A11A,A11AB
A,A11,A11B,A11BA
A,A11,A11C,A11CA
A,A11,A11C,A11CB
A,A11,A11C,A11CC
A,A11,A11D,A11DA
A,A11,A11D,A11DB
A,A11,A11E,A11EA
A,A11,A11E,A11EB
A,A11,A11E,A11EX
A,A11,A11G,A11GA
A,A11,A11G,A11GB
A,A11,A11H,A11HA
A,A11,A11J,A11JA
A,A11,A11J,A11JB
A,A11,A11J,A11JC
A,A12,A12A,A12AA
A,A12,A12A,A12AX
A,A12,A12B,A12BA
A,A12,A12C,A12C P1
A,A12,A12C,A12CB
A,A12,A12C,A12CC
A,A12,A12C,A12CE
A,A12,A12C,A12CX
A,A14,A14A,A14AA
A,A14,A14A,A14AB
A,A16,,A16 P2
A,A16,A16A,A16A P1
A,A16,A16A,A16AA
A,A16,A16A,A16AB
A,A16,A16A,A16AX
B,B01,B01A,B01AA
B,B01,B01A,B01AB
B,B01,B01A,B01AC
B,B01,B01A,B01AD
B,B01,B01A,B01AE
B,B01,B01A,B01AF
B,B01,B01A,B01AX
B,B02,B02A,B02AA
B,B02,B02A,B02AB
B,B02,B02B,B02BA
B,B02,B02B,B02BB
B,B02,B02B,B02BC
B,B02,B02B,B02BD
B,B02,B02B,B02BX
B,B03,B03A,B03A M2
B,B03,B03A,B03A M3
B,B03,B03A,B03AA
B,B03,B03A,B03AB
B,B03,B03A,B03AC
B,B03,B03A,B03AD
B,B03,B03A,B03AE
B,B03,B03B,B03BA
B,B03,B03B,B03BB
B,B03,B03X,B03XA
B,B05,B05A,B05AA
B,B05,B05B,B05BA
B,B05,B05B,B05BB
B,B05,B05B,B05BC
B,B05,B05C,B05CX
B,B05,B05D,B05DA
B,B05,B05D,B05DB
B,B05,B05X,B05XA
B,B05,B05X,B05XB
B,B05,B05X,B05XC
B,B05,B05Z,B05ZA
B,B05,B05Z,B05ZB
B,B06,B06A,B06AA
B,B06,B06A,B06AB
B,B06,B06A,B06AC
B,B06,B06A,B06AX
C,C01,C01A,C01AA
C,C01,C01B,C01BA
C,C01,C01B,C01BB
C,C01,C01B,C01BC
C,C01,C01B,C01BD
C,C01,C01B,C01BG
C,C01,C01C,C01CA
C,C01,C01C,C01CE
C,C01,C01C,C01CX
C,C01,C01D,C01DA
C,C01,C01D,C01DX
C,C01,C01E,C01EA
C,C01,C01E,C01EB
C,C02,C02A,C02AB
C,C02,C02A,C02AC
C,C02,C02C,C02CA
C,C02,C02D,C02DA
C,C02,C02D,C02DB
C,C02,C02D,C02DC
C,C02,C02D,C02DD
C,C02,C02K,C02KD
C,C02,C02K,C02KX
C,C02,C02L,C02LA
C,C02,C02L,C02LC
C,C03,C03A,C03AA
C,C03,C03A,C03AX
C,C03,C03B,C03BA
C,C03,C03B,C03BX
C,C03,C03C,C03CA
C,C03,C03D,C03DA
C,C03,C03D,C03DB
C,C03,C03E,C03EA
C,C03,C03E,C03EB
C,C03,C03X,C03X M1
C,C03,C03X,C03X P1
C,C03,C03X,C03X P2
C,C03,C03X,C03XA
C,C04,C04A,C04A M1
C,C04,C04A,C04AA
C,C04,C04A,C04AB
C,C04,C04A,C04AD
C,C04,C04A,C04AE
C,C04,C04A,C04AX
C,C05,C05A,C05AA
C,C05,C05A,C05AD
C,C05,C05A,C05AE
C,C05,C05A,C05AX
C,C05,C05B,C05BA
C,C05,C05B,C05BB
C,C05,C05B,C05BX
C,C05,C05C,C05CA
C,C05,C05C,C05CX
C,C07,C07A,C07AA
C,C07,C07A,C07AB
C,C07,C07A,C07AG
C,C07,C07B,C07BB
C,C07,C07B,C07BG
C,C07,C07C,C07CA
C,C07,C07C,C07CB
C,C07,C07D,C07DB
C,C07,C07F,C07FB
C,C07,C07F,C07FX
C,C08,C08C,C08CA
C,C08,C08D,C08DA
C,C08,C08D,C08DB
C,C08,C08G,C08GA
C,C09,C09A,C09AA
C,C09,C09B,C09BA
C,C09,C09B,C09BB
C,C09,C09B,C09BX
C,C09,C09C,C09CA
C,C09,C09D,C09DA
C,C09,C09D,C09DB
C,C09,C09D,C09DX
C,C09,C09X,C09XA
C,C10,C10A,C10AA
C,C10,C10A,C10AB
C,C10,C10A,C10AC
C,C10,C10A,C10AD
C,C10,C10A,C10AX
C,C10,C10B,C10BA
C,C10,C10B,C10BX
D,D01,D01A,D01AA
D,D01,D01A,D01AC
D,D01,D01A,D01AE
D,D01,D01B,D01BA
D,D02,D02A,D02AA
D,D02,D02A,D02AB
D,D02,D02A,D02AC
D,D02,D02A,D02AE
D,D02,D02A,D02AX
D,D03,D03A,D03AX
D,D03,D03B,D03BA
D,D04,D04A,D04AA
D,D04,D04A,D04AB
D,D04,D04A,D04AX
D,D05,D05A,D05AA
D,D05,D05A,D05AC
D,D05,D05A,D05AD
D,D05,D05A,D05AX
D,D05,D05B,D05BA
D,D05,D05B,D05BB
D,D06,D06A,D06AA
D,D06,D06A,D06AX
D,D06,D06B,D06BA
D,D06,D06B,D06BB
D,D06,D06B,D06BX
D,D07,D07A,D07AA
D,D07,D07A,D07AB
D,D07,D07A,D07AC
D,D07,D07A,D07AD
D,D07,D07B,D07BA
D,D07,D07B,D07BB
D,D07,D07B,D07BC
D,D07,D07C,D07CA
D,D07,D07C,D07CB
D,D07,D07C,D07CC
D,D07,D07X,D07XA
D,D07,D07X,D07XB
D,D07,D07X,D07XC
D,D08,D08A,D08AC
D,D08,D08A,D08AD
D,D08,D08A,D08AE
D,D08,D08A,D08AF
D,D08,D08A,D08AG
D,D08,D08A,D08AH
D,D08,D08A,D08AJ
D,D08,D08A,D08AK
D,D08,D08A,D08AL
D,D08,D08A,D08AX
D,D09,D09A,D09A M1
D,D09,D09A,D09AA
D,D09,D09A,D09AX
D,D10,D10A,D10AD
D,D10,D10A,D10AE
D,D10,D10A,D10AF
D,D10,D10A,D10AX
D,D10,D10B,D10BA
D,D10,D10B,D10BX
D,D11,D11A,D11AA
D,D11,D11A,D11AC
D,D11,D11A,D11AF
D,D11,D11A,D11AH
D,D11,D11A,D11AX
G,G01,G01A,G01AA
G,G01,G01A,G01AC
G,G01,G01A,G01AD
G,G01,G01A,G01AF
G,G01,G01A,G01AG
G,G01,G01A,G01AX
G,G01,G01B,G01BA
G,G02,G02A,G02AB
G,G02,G02A,G02AD
G,G02,G02B,G02BA
G,G02,G02B,G02BB
G,G02,G02C,G02CA
G,G02,G02C,G02CB
G,G02,G02C,G02CC
G,G02,G02C,G02CX
G,G03,G03A,G03AA
G,G03,G03A,G03AB
G,G03,G03A,G03AC
G,G03,G03A,G03AD
G,G03,G03B,G03BA
G,G03,G03B,G03BB
G,G03,G03C,G03CA
G,G03,G03C,G03CB
G,G03,G03C,G03CC
G,G03,G03C,G03CX
G,G03,G03D,G03DA
G,G03,G03D,G03DB
G,G03,G03D,G03DC
G,G03,G03E,G03EA
G,G03,G03F,G03FA
G,G03,G03F,G03FB
G,G03,G03G,G03GA
G,G03,G03G,G03GB
G,G03,G03H,G03HA
G,G03,G03H,G03HB
G,G03,G03X,G03XA
G,G03,G03X,G03XB
G,G03,G03X,G03XC
G,G03,G03X,G03XX
G,G04,G04B,G04BC
G,G04,G04B,G04BD
G,G04,G04B,G04BE
G,G04,G04B,G04BX
G,G04,G04C,G04CA
G,G04,G04C,G04CB
G,G04,G04C,G04CX
H,H01,H01A,H01AA
H,H01,H01A,H01AB
H,H01,H01A,H01AC
H,H01,H01A,H01AX
H,H01,H01B,H01BA
H,H01,H01B,H01BB
H,H01,H01C,H01CA
H,H01,H01C,H01CB
H,H01,H01C,H01CC
H,H02,H02A,H02AA
H,H02,H02A,H02AB
H,H02,H02B,H02BX
H,H02,H02C,H02CA
H,H03,H03A,H03AA
H,H03,H03B,H03BB
H,H03,H03C,H03CA
H,H04,H04A,H04AA
H,H05,H05A,H05AA
H,H05,H05B,H05BA
H,H05,H05B,H05BX
J,J01,J01A,J01AA
J,J01,J01B,J01BA
J,J01,J01C,J01CA
J,J01,J01C,J01CE
J,J01,J01C,J01CF
J,J01,J01C,J01CG
J,J01,J01C,J01CR
J,J01,J01D,J01DB
J,J01,J01D,J01DC
J,J01,J01D,J01DD
J,J01,J01D,J01DE
J,J01,J01D,J01DF
J,J01,J01D,J01DH
J,J01,J01D,J01DI
J,J01,J01E,J01EA
J,J01,J01E,J01EB
J,J01,J01E,J01EC
J,J01,J01E,J01EE
J,J01,J01F,J01FA
J,J01,J01F,J01FF
J,J01,J01F,J01FG
J,J01,J01G,J01GA
J,J01,J01G,J01GB
J,J01,J01M,J01MA
J,J01,J01M,J01MB
J,J01,J01R,J01RA
J,J01,J01X,J01XA
J,J01,J01X,J01XB
J,J01,J01X,J01XC
J,J01,J01X,J01XD
J,J01,J01X,J01XE
J,J01,J01X,J01XX
J,J02,J02A,J02AA
J,J02,J02A,J02AB
J,J02,J02A,J02AC
J,J02,J02A,J02AX
J,J04,J04A,J04AA
J,J04,J04A,J04AB
J,J04,J04A,J04AC
J,J04,J04A,J04AD
J,J04,J04A,J04AK
J,J04,J04A,J04AM
J,J04,J04B,J04BA
J,J05,J05A,J05AB
J,J05,J05A,J05AC
J,J05,J05A,J05AD
J,J05,J05A,J05AE
J,J05,J05A,J05AF
J,J05,J05A,J05AG
J,J05,J05A,J05AH
J,J05,J05A,J05AJ
J,J05,J05A,J05AP
J,J05,J05A,J05AR
J,J05,J05A,J05AX
J,J06,J06A,J06AA
J,J06,J06B,J06BA
J,J06,J06B,J06BB
J,J06,J06B,J06BC
J,J06,J06B,J06BD
J,J07,J07A,J07AE
J,J07,J07A,J07AG
J,J07,J07A,J07AH
J,J07,J07A,J07AJ
J,J07,J07A,J07AL
J,J07,J07A,J07AM
J,J07,J07A,J07AN
J,J07,J07A,J07AP
J,J07,J07A,J07AX
J,J07,J07B,J07BA
J,J07,J07B,J07BB
J,J07,J07B,J07BC
J,J07,J07B,J07BD
J,J07,J07B,J07BE
J,J07,J07B,J07BF
J,J07,J07B,J07BG
J,J07,J07B,J07BH
J,J07,J07B,J07BJ
J,J07,J07B,J07BK
J,J07,J07B,J07BL
J,J07,J07B,J07BM
J,J07,J07B,J07BN
J,J07,J07B,J07BP
J,J07,J07B,J07BX
J,J07,J07C,J07CA
L,L01,L01A,L01AA
L,L01,L01A,L01AB
L,L01,L01A,L01AC
L,L01,L01A,L01AD
L,L01,L01A,L01AX
L,L01,L01B,L01BA
L,L01,L01B,L01BB
L,L01,L01B,L01BC
L,L01,L01C,L01CA
L,L01,L01C,L01CB
L,L01,L01C,L01CD
L,L01,L01C,L01CE
L,L01,L01C,L01CX
L,L01,L01D,L01DA
L,L01,L01D,L01DB
L,L01,L01D,L01DC
L,L01,L01E,L01EA
L,L01,L01E,L01EB
L,L01,L01E,L01EC
L,L01,L01E,L01ED
L,L01,L01E,L01EE
L,L01,L01E,L01EF
L,L01,L01E,L01EG
L,L01,L01E,L01EH
L,L01,L01E,L01EJ
L,L01,L01E,L01EK
L,L01,L01E,L01EL
L,L01,L01E,L01EM
L,L01,L01E,L01EN
L,L01,L01E,L01EP
L,L01,L01E,L01EX
L,L01,L01F,L01FA
L,L01,L01F,L01FB
L,L01,L01F,L01FC
L,L01,L01F,L01FD
L,L01,L01F,L01FE
L,L01,L01F,L01FF
L,L01,L01F,L01FG
L,L01,L01F,L01FX
L,L01,L01F,L01FY
L,L01,L01X,L01XA
L,L01,L01X,L01XB
L,L01,L01X,L01XD
L,L01,L01X,L01XF
L,L01,L01X,L01XG
L,L01,L01X,L01XH
L,L01,L01X,L01XJ
L,L01,L01X,L01XK
L,L01,L01X,L01XL
L,L01,L01X,L01XM
L,L01,L01X,L01XX
L,L01,L01X,L01XY
L,L02,L02A,L02AA
L,L02,L02A,L02AB
L,L02,L02A,L02AE
L,L02,L02B,L02BA
L,L02,L02B,L02BB
L,L02,L02B,L02BG
L,L02,L02B,L02BX
L,L03,L03A,L03AA
L,L03,L03A,L03AB
L,L03,L03A,L03AC
L,L03,L03A,L03AX
L,L04,L04A,L04AA
L,L04,L04A,L04AB
L,L04,L04A,L04AC
L,L04,L04A,L04AD
L,L04,L04A,L04AE
L,L04,L04A,L04AF
L,L04,L04A,L04AG
L,L04,L04A,L04AH
L,L04,L04A,L04AJ
L,L04,L04A,L04AK
L,L04,L04A,L04AL
L,L04,L04A,L04AX
M,M01,M01A,M01AA
M,M01,M01A,M01AB
M,M01,M01A,M01AC
M,M01,M01A,M01AE
M,M01,M01A,M01AG
M,M01,M01A,M01AH
M,M01,M01A,M01AX
M,M01,M01B,M01BA
M,M01,M01B,M01BX
M,M01,M01C,M01CB
M,M01,M01C,M01CC
M,M01,M01C,M01CX
M,M02,M02A,M02AA
M,M02,M02A,M02AB
M,M02,M02A,M02AC
M,M02,M02A,M02AX
M,M03,M03A,M03AB
M,M03,M03A,M03AC
M,M03,M03A,M03AX
M,M04,M04A,M04AA
M,M04,M04A,M04AB
M,M04,M04A,M04AC
M,M05,M05B,M05BA
M,M05,M05B,M05BB
M,M05,M05B,M05BC
M,M05,M05B,M05BX
M,M09,M09A,M09AB
M,M09,M09A,M09AX
N,N01,N01A,N01AB
N,N01,N01A,N01AF
N,N01,N01A,N01AH
N,N01,N01A,N01AX
N,N01,N01B,N01BA
N,N01,N01B,N01BB
N,N01,N01B,N01BX
N,N02,N02A,N02AA
N,N02,N02A,N02AB
N,N02,N02A,N02AC
N,N02,N02A,N02AD
N,N02,N02A,N02AE
N,N02,N02A,N02AF
N,N02,N02A,N02AJ
N,N02,N02A,N02AX
N,N02,N02B,N02BA
N,N02,N02B,N02BB
N,N02,N02B,N02BE
N,N02,N02B,N02BF
N,N02,N02B,N02BG
N,N02,N02C,N02CA
N,N02,N02C,N02CC
N,N02,N02C,N02CD
N,N02,N02C,N02CX
N,N03,N03A,N03AA
N,N03,N03A,N03AB
N,N03,N03A,N03AD
N,N03,N03A,N03AE
N,N03,N03A,N03AF
N,N03,N03A,N03AG
N,N03,N03A,N03AX
N,N04,N04A,N04AA
N,N04,N04B,N04BA
N,N04,N04B,N04BB
N,N04,N04B,N04BC
N,N04,N04B,N04BD
N,N04,N04B,N04BX
N,N05,N05A,N05AA
N,N05,N05A,N05AB
N,N05,N05A,N05AC
N,N05,N05A,N05AD
N,N05,N05A,N05AE
N,N05,N05A,N05AF
N,N05,N05A,N05AG
N,N05,N05A,N05AH
N,N05,N05A,N05AL
N,N05,N05A,N05AN
N,N05,N05A,N05AX
N,N05,N05B,N05BA
N,N05,N05B,N05BB
N,N05,N05B,N05BC
N,N05,N05B,N05BE
N,N05,N05B,N05BX
N,N05,N05C,N05CA
N,N05,N05C,N05CB
N,N05,N05C,N05CD
N,N05,N05C,N05CF
N,N05,N05C,N05CH
N,N05,N05C,N05CJ
N,N05,N05C,N05CM
N,N05,N05C,N05CX
N,N06,N06A,N06AA
N,N06,N06A,N06AB
N,N06,N06A,N06AF
N,N06,N06A,N06AG
N,N06,N06A,N06AX
N,N06,N06B,N06BA
N,N06,N06B,N06BC
N,N06,N06B,N06BX
N,N06,N06C,N06CA
N,N06,N06C,N06CB
N,N06,N06D,N06DA
N,N06,N06D,N06DX
N,N07,N07A,N07AA
N,N07,N07A,N07AB
N,N07,N07A,N07AX
N,N07,N07B,N07BA
N,N07,N07B,N07BB
N,N07,N07B,N07BC
N,N07,N07C,N07CA
N,N07,N07X,N07XX
P,P01,P01A,P01AA
P,P01,P01A,P01AB
P,P01,P01A,P01AC
P,P01,P01A,P01AX
P,P01,P01B,P01BA
P,P01,P01B,P01BB
P,P01,P01B,P01BC
P,P01,P01B,P01BD
P,P01,P01B,P01BE
P,P01,P01B,P01BF
P,P01,P01C,P01CA
P,P01,P01C,P01CB
P,P01,P01C,P01CC
P,P01,P01C,P01CX
P,P02,P02B,P02BA
P,P02,P02C,P02CA
P,P02,P02C,P02CB
P,P02,P02C,P02CC
P,P02,P02C,P02CE
P,P02,P02C,P02CF
P,P02,P02C,P02CX
P,P02,P02D,P02DX
P,P03,P03A,P03AA
P,P03,P03A,P03AB
P,P03,P03A,P03AC
P,P03,P03A,P03AX
R,R01,R01A,R01AA
R,R01,R01A,R01AB
R,R01,R01A,R01AC
R,R01,R01A,R01AD
R,R01,R01A,R01AX
R,R01,R01B,R01BA
R,R02,R02A,R02AA
R,R02,R02A,R02AB
R,R02,R02A,R02AD
R,R02,R02A,R02AX
R,R03,R03A,R03AA
R,R03,R03A,R03AC
R,R03,R03A,R03AK
R,R03,R03A,R03AL
R,R03,R03B,R03BA
R,R03,R03B,R03BB
R,R03,R03B,R03BC
R,R03,R03C,R03CA
R,R03,R03C,R03CB
R,R03,R03C,R03CC
R,R03,R03D,R03DA
R,R03,R03D,R03DC
R,R03,R03D,R03DX
R,R05,R05C,R05CA
R,R05,R05C,R05CB
R,R05,R05C,R05CZ
R,R05,R05D,R05DA
R,R05,R05D,R05DB
R,R05,R05F,R05F P1
R,R05,R05F,R05F P2
R,R05,R05F,R05FA
R,R05,R05F,R05FB
R,R05,R05X,R05X M1
R,R05,R05X,R05X P6
R,R05,R05X,R05X P8
R,R05,R05X,R05X P9
R,R06,R06A,R06AA
R,R06,R06A,R06AB
R,R06,R06A,R06AC
R,R06,R06A,R06AD
R,R06,R06A,R06AE
R,R06,R06A,R06AX
R,R07,R07A,R07AA
R,R07,R07A,R07AB
R,R07,R07A,R07AX
S,S01,S01A,S01AA
S,S01,S01A,S01AB
S,S01,S01A,S01AD
S,S01,S01A,S01AE
S,S01,S01A,S01AX
S,S01,S01B,S01BA
S,S01,S01B,S01BB
S,S01,S01B,S01BC
S,S01,S01C,S01CA
S,S01,S01C,S01CB
S,S01,S01C,S01CC
S,S01,S01E,S01EA
S,S01,S01E,S01EB
S,S01,S01E,S01EC
S,S01,S01E,S01ED
S,S01,S01E,S01EE
S,S01,S01E,S01EX
S,S01,S01F,S01FA
S,S01,S01F,S01FB
S,S01,S01G,S01GA
S,S01,S01G,S01GX
S,S01,S01H,S01HA
S,S01,S01J,S01JA
S,S01,S01K,S01KA
S,S01,S01L,S01LA
S,S01,S01X,S01XA
S,S02,S02A,S02AA
S,S02,S02B,S02BA
S,S02,S02C,S02CA
S,S02,S02D,S02DA
S,S02,S02D,S02DC
S,S02,S02D,S02DX
S,S03,S03B,S03BA
S,S03,S03C,S03CA
V,V01,V01A,V01AA
V,V03,V03A,V03A P1
V,V03,V03A,V03AB
V,V03,V03A,V03AC
V,V03,V03A,V03AE
V,V03,V03A,V03AF
V,V03,V03A,V03AG
V,V03,V03A,V03AH
V,V03,V03A,V03AN
V,V03,V03A,V03AX
V,V04,V04C,V04CA
V,V04,V04C,V04CD
V,V04,V04C,V04CF
V,V04,V04C,V04CJ
V,V04,V04C,V04CL
V,V04,V04C,V04CM
V,V04,V04C,V04CX
V,V06,V06D,V06DC
V,V06,V06D,V06DD
V,V06,V06D,V06DX
V,V06,V06S,V06SA
V,V06,V06S,V06SB
V,V06,V06U,V06UA
V,V06,V06U,V06UB
V,V06,V06U,V06UD
V,V06,V06V,V06VD
V,V06,V06V,V06VE
V,V06,V06V,V06VF
V,V06,V06W,V06WG
V,V06,V06X,V06XA
V,V06,V06X,V06XB
V,V06,V06X,V06XC
V,V06,V06Y,V06YS
V,V06,V06Z,V06ZA
V,V06,V06Z,V06ZB
V,V06,V06Z,V06ZC
V,V06,V06Z,V06ZD
V,V06,V06Z,V06ZF
V,V07,V07A,V07AB
V,V08,V08A,V08AA
V,V08,V08A,V08AB
V,V08,V08A,V08AC
V,V08,V08A,V08AD
V,V08,V08B,V08BA
V,V08,V08C,V08CA
V,V08,V08C,V08CB
V,V08,V08D,V08DA
V,V09,V09A,V09AA
V,V09,V09A,V09AB
V,V09,V09A,V09AX
V,V09,V09B,V09BA
V,V09,V09C,V09CA
V,V09,V09C,V09CX
V,V09,V09D,V09DA
V,V09,V09D,V09DB
V,V09,V09D,V09DX
V,V09,V09E,V09EA
V,V09,V09E,V09EB
V,V09,V09F,V09FX
V,V09,V09G,V09GA
V,V09,V09G,V09GX
V,V09,V09H,V09HA
V,V09,V09H,V09HB
V,V09,V09H,V09HX
V,V09,V09I,V09IA
V,V09,V09I,V09IB
V,V09,V09I,V09IX
V,V09,V09X,V09XA
V,V09,V09X,V09XX
V,V10,V10A,V10AA
V,V10,V10A,V10AX
V,V10,V10B,V10BX
V,V10,V10X,V10XA
V,V10,V10X,V10XX
W,W01,W01A,W01AA
W,W01,W01A,W01AB
W,W01,W01A,W01AC
W,W01,W01A,W01AD
W,W01,W01B,W01BA
W,W01,W01B,W01BB
W,W01,W01B,W01BC
W,W01,W01B,W01BD
W,W01,W01B,W01BF
W,W01,W01B,W01BG
W,W07,W07B,W07BA
W,W07,W07B,W07BB
W,W10,W10D,W10DA
W,W10,W10D,W10DB
W,W10,W10D,W10DC
W,W10,W10H,W10HA
X,X01,X01A,X01AB
X,X01,X01B,X01BA
X,X01,X01B,X01BB
X,X01,X01B,X01BC
X,X01,X01B,X01BD
X,X01,X01B,X01BE
X,X01,X01B,X01BF
X,X01,X01B,X01BG
X,X01,X01B,X01BH
X,X01,X01B,X01BI
X,X01,X01B,X01BJ
X,X01,X01B,X01BK
X,X01,X01B,X01BL
X,X01,X01B,X01BM
X,X01,X01B,X01BN
X,X01,X01B,X01BO
X,X01,X01B,X01BX
X,X02,X02A,X02AB
X,X02,X02A,X02AC
X,X02,X02A,X02AD
X,X02,X02A,X02AE
X,X02,X02A,X02AH
X,X02,X02A,X02AI
X,X02,X02A,X02AJ
X,X02,X02A,X02AK
X,X02,X02B,X02BA
X,X02,X02B,X02BB
